year,avg_sentiment_score
2023,0.12861271676300579
2024,0.06994818652849741
2025,0.104
